Prompt,Response,Target
"Given a list of facts, estimate their overall impact on the price movement of NVDA stock. Give your response in this format:
(1) Price Movement, which should be either Positive or Negative.
(2) Explanation, which should be in a single, short paragraph.

Facts:
2025-07-15
- Analysts have raised the price target for NVDA to $192, with some predicting the stock could reach $200.
- Huawei has introduced a new AI compute platform, challenging Nvidia in the AI space.
- There are mixed opinions on NVDA stock, with some analysts giving permission to sell shares while others name it a top pick ahead of earnings.
- Analysts and experts believe NVDA will have a good quarter and see long-term upside potential, especially with AI exports to China.
- Dan Niles recently turned bullish on Nvidia, while Needham maintains a buy rating and lifted its target to $200.
- The stock is predicted to perform well in the tech sector, along with AMD and INTC.
- NVDA's market cap is surging, and the company is leading in AI technology.
- Some sources provide long-term stock price predictions for NVDA, projecting where the stock could be by 2025, 2026, and 2030.

Price Movement:","Positive

Explanation: Recent market analysis, opinions, and predictions have generated a positive price movement outlook for NVDA stock. Analysts and experts maintain a bullish stance, expecting a good quarter ahead and long-term upside potential. The strong positioning of NVDA in AI technology and its market cap surge reflect the company's growth trajectory. With some analysts raising the price target for NVDA to $192 and $200, and others giving a green light to buy shares, the market sentiment is optimistic. The tech sector, including NVDA, AMD, and INTC, is predicted to perform well, contributing to the positive Price Movement. The mixed opinions on selling shares while others name the stock a top pick ahead of earnings demonstrate the market's confidence in NVDA's future prospects. While there are long-term stock price predictions for NVDA, this analysis indicates a positive Price Movement in the short term, driven by the company's strong market position, evolving industry trends, and favorable market predictions.",Positive
